adminContact, orgName, isoCC, subRegion, region, ipv4, ipv6, loadBalanced, httpWebsiteMirror, httpsWebsiteMirror, rsyncWebsiteMirror, ftpWebsiteMirror, httpDistMirror, httpsDistMirror, rsyncDistMirror, hiddenServiceMirror, updateDate
Vedran MiletiÄ‡, University of Rijeka, HR, Croatia, HR, TRUE, FALSE, No, , , , , http://mirrors.uniri.hr/torproject.org/dist/, https://mirrors.uniri.hr/torproject.org/dist/, , , 
Tor Fan, Tor Supporter, US, United States, US, TRUE, TRUE, No, http://tor.loritsu.com/, , , , http://tor.loritsu.com/dist/, , , , 
Tor Fan, Tor Supporter, LU, Luxemborg, LU, TRUE, FALSE, No, http://torproject.adamas.ai/, , , , http://torproject.adamas.ai/dist/, , , , 
Tor Fan, NW Linux, US, WA, US, TRUE, FALSE, No, http://torproject.nwlinux.us/, , rsync://nwlinux.us/tor-web, , http://torproject.nwlinux.us/dist/, , rsync://nwlinux.us/tor-dist, , 
Tor Fan, Tor Supporter, NL, The Netherlands, NL, TRUE, FALSE, No, , , , , , https://www.coevoet.nl/tor/dist/, , , 
Tor Fan, LazyTiger, FR, France, FR, TRUE, FALSE, No, http://tor.taiga-san.net/, , , , http://tor.taiga-san.net/dist/, , , , 
Tor Fan, Tor Supporter, EE, Estonia, EE, TRUE, FALSE, No, http://tor.li/, https://tor.li/, , , http://tor.li/dist/, https://tor.li/dist/, , , 
mirror-service@netcologne.de, NetCologne GmbH, DE, NRW, , TRUE, TRUE, No, http://mirror.netcologne.de/torproject.org, , rsync://mirror.netcologne.de/torproject.org, ftp://mirror.netcologne.de/torproject.org/, http://mirror.netcologne.de/torproject.org/dist, , rsync://mirror.netcologne.de/torproject.org/dist, , Thu Sep 28 16:22:40 2017
admin AT netgull DOT com, NetGull, US, United States, North America, TRUE, TRUE, No, , , , , http://www.netgull.com/torproject/, , , , 
mirrors[at]ip-connect[dot]vn[dot]ua, IP-Connect LLC, UA, VN, , TRUE, TRUE, Yes, http://torproject.ip-connect.vn.ua, , rsync://torproject.ip-connect.vn.ua/torproject, ftp://torproject.ip-connect.vn.ua/mirror/torproject/, http://torproject.ip-connect.vn.ua/dist, , rsync://torproject.ip-connect.vn.ua/torproject/dist, , Thu Sep 28 15:12:25 2017
torsupport AT tb-itf DOT de, TB-ITF, DE, Germany, Europe, TRUE, TRUE, No, http://tormirror.tb-itf-tor.de, https://tormirror.tb-itf-tor.de, , , http://tormirror.tb-itf-tor.de/dist/, https://tormirror.tb-itf-tor.de/dist/, , , Thu Sep 28 16:22:40 2017
info AT zentrum-der-gesundheit DOT de, Zentrum der Gesundheit, DK, Denmark, Europe, TRUE, FALSE, No, http://tor.idnr.ws/, , , , http://tor.idnr.ws/dist/, , , , Wed Sep  3 12:16:00 2014
info /AT enn /DOT lu, Frenn vun der Enn A.S.B.L., IS, Iceland, Europe, TRUE, FALSE, No, http://torproject.lu/, , , , http://torproject.lu/dist/, , , http://btn6gqzqevlhoryd.onion, Thu Sep 28 15:12:25 2017
Piratenpartei Bayern, Piratenpartei Bayern, DE, Germany, DE, TRUE, FALSE, NO, http://tormirror.piratenpartei-bayern.de, https://tormirror.piratenpartei-bayern.de, , , http://tormirror.piratenpartei-bayern.de/dist/, https://tormirror.piratenpartei-bayern.de/dist/, , , Fri Sep  9 02:46:02 2016
Tor Fan, Tor Supporter, DE, Germany, DE, TRUE, TRUE, NO, http://tor.hoi-polloi.org, https://tor.hoi-polloi.org/, , , http://tor.hoi-polloi.org/dist/, https://tor.hoi-polloi.org/dist/, , , Thu May  4 19:12:25 2017
tor@fodt.it // FoDT.it Webteam, FoDT.it, AT, Austria, Europe, TRUE, FALSE, No, http://tor.fodt.it, https://tor.fodt.it, , ftp://ftp.fodt.it/pub/mirrors/torproject.org/, http://tor.fodt.it/dist/, https://tor.fodt.it/dist/, , , Tue Aug 26 11:19:07 2014
http://www.multinet.no, MultiNet AS, NO, Trondheim, Trondheim, TRUE, TRUE, No, http://tor.multinet.no/, , , , http://tor.multinet.no/dist/, , , , Tue Aug  8 09:28:54 2017
haskell at gmx.es, Tor Supporter, ES, Spain, Europe, TRUE, TRUE, No, http://tor.zilog.es/, https://tor.zilog.es/, , , http://tor.zilog.es/dist/, https://tor.zilog.es/dist/, , , Thu Sep 28 18:11:11 2017
Tor Fan, Tor Supporter, US, United States, US, FALSE, TRUE, No, http://2607:8b00:2::6258:5c9/, https://2607:8b00:2::6258:5c9/, , , http://2607:8b00:2::6258:5c9/dist/, https://2607:8b00:2::6258:5c9/dist/, , , Thu Jan 22 08:17:52 2015
margus.random at mail.ee, CyberSIDE, EE, Estonia, EE, TRUE, FALSE, No, http://cyberside.planet.ee/tor/, , , , http://cyberside.net.ee/tor/, , , , Wed Sep 27 02:52:42 2017
Tor Fan, torproject.is, IS, Iceland, IS, TRUE, FALSE, No, http://www.torproject.is/, , , , http://www.torproject.is/dist/, , , , Thu Sep 28 18:11:11 2017
Tor Fan, spline, DE, Germany, DE, TRUE, FALSE, No, http://tor.spline.de/, https://tor.spline.inf.fu-berlin.de/, rsync://ftp.spline.de/tor, ftp://ftp.spline.de/pub/tor, http://tor.spline.de/dist/, https://tor.spline.inf.fu-berlin.de/dist/, rsync://ftp.spline.de/tor/dist, , Thu Sep 28 16:22:40 2017
hosting AT ph3x DOT at, ph3x, AT, Austria, Europe, TRUE, FALSE, No, http://torproject.ph3x.at, https://torproject.ph3x.at, , , http://torproject.ph3x.at/dist/, https://torproject.ph3x.at/dist/, , , Thu Sep 28 18:11:11 2017
Tor Fan, Tor Supporter, MX, Mexico, MX, TRUE, FALSE, No, http://fbnaia.homelinux.net/torproject/, https://fbnaia.homelinux.net/torproject/, , , http://fbnaia.homelinux.net/torproject/dist/, https://fbnaia.homelinux.net/torproject/dist/, , , Thu Sep 28 18:11:11 2017
webmaster AT askapache DOT com, AskApache, US, California, US, TRUE, FALSE, No, http://tor.askapache.com/, , , , http://tor.askapache.com/dist/, , , , Thu Sep 28 15:12:25 2017
kontakt AT unicorncloud DOT org, UnicornCloud.org, DE, Germany, Falkenstein, TRUE, FALSE, No, http://mirror.unicorncloud.org/torproject.org/, https://mirror.unicorncloud.org/torproject.org/, , , http://mirror.unicorncloud.org/torproject.org/dist, https://mirror.unicorncloud.org/torproject.org/dist, , , Thu Sep 28 15:12:25 2017
root AT amorphis DOT eu, Amorphis, NL, The Netherlands, Europe, TRUE, FALSE, No, http://tor.amorphis.eu/, , , , http://tor.amorphis.eu/dist/, , , , Tue Mar 17 22:53:03 2015
hackthissite.org, HackThisSite.org, US, United States, US, TRUE, TRUE, No, http://tor.hackthissite.org/, https://tor.hackthissite.org/, , , http://mirror.hackthissite.org/tor, https://mirror.hackthissite.org/tor, , , Wed May 25 21:09:20 2016
paul at coffswifi.net, CoffsWiFi, AU, Australia and New Zealand, APNIC, TRUE, FALSE, No, http://torproject.coffswifi.net, , , , http://torproject.coffswifi.net/dist, , , , Thu Sep 28 16:22:40 2017
Tor Fan, cyberarmy, AT, Austria, AT, TRUE, FALSE, No, http://tor.cyberarmy.at/, , , , , , , , Fri Jan 15 11:17:09 2016
hostmaster AT example DOT com, TheOnionRouter, IS, Iceland, Iceland, TRUE, FALSE, No, http://www.theonionrouter.com/, , , , http://www.theonionrouter.com/dist/, , , , Thu Sep 28 18:11:11 2017
Tor Fan, crazyhaze.de, DE, Germany, DE, TRUE, FALSE, No, http://tor.crazyhaze.de/, https://tor.crazyhaze.de/, , , http://tor.crazyhaze.de/dist/, https://tor.crazyhaze.de/dist/, , , Thu Sep 28 18:11:11 2017
Tor Fan, Soviet Anonymous, RU, Russia, RU, TRUE, FALSE, No, http://creep.im/tor, https://creep.im/tor, rsync://creep.im/tor, ftp://creep.im/mirrors/tor, http://creep.im/tor/dist/, https://creep.im/tor/dist/, rsync://creep.im/tor-dist, , Thu Sep 28 13:52:13 2017
Tor Fan, torservers, DE, Germany, DE, TRUE, FALSE, No, http://www.torservers.net/mirrors/torproject.org/, https://www.torservers.net/mirrors/torproject.org/, , , http://www.torservers.net/mirrors/torproject.org/dist/, https://www.torservers.net/mirrors/torproject.org/dist/, , http://hbpvnydyyjbmhx6b.onion/mirrors/torproject.org/, Tue Jul 25 08:04:05 2017
Tor Fan, Lightning-bolt.net, CZ, Czech Republic, CZ, TRUE, FALSE, No, http://torproject.lightning-bolt.net/, , , , http://torproject.lightning-bolt.net/dist/, , , , Tue Mar 17 22:53:03 2015
IceBear, myRL.net, IS, Iceland, IS, TRUE, FALSE, No, http://tor.myrl.net/, https://tor.myrl.net/, , , http://tor.myrl.net/dist/, https://tor.myrl.net/dist/, , , Thu Sep 28 16:22:40 2017
kiro AT userzap DOT de, Userzap, DE, Germany, DE, TRUE, FALSE, No, http://torprojekt.userzap.de, https://torprojekt.userzap.de, , , http://torprojekt.userzap.de/dist/, https://torprojekt.userzap.de/dist/, , , Thu Jan 22 08:17:52 2015
tor@les.net, tor@les.net, CA, Canada, CA, TRUE, FALSE, NO, http://tor.les.net/, , , , http://tor.les.net/dist, , , , Thu Sep 28 16:22:40 2017
tor@stalkr.net, stalkr.net, FR, France, FR, TRUE, TRUE, NO, http://tor.stalkr.net/, https://tor.stalkr.net/, , , http://tor.stalkr.net/dist/, https://tor.stalkr.net/dist/, , , Thu Sep 28 16:22:40 2017
doemela[AT]cyberguerrilla[DOT]org, cYbergueRrilLa AnonyMous NeXus, DE, Germany, DE, TRUE, FALSE, NO, , https://tor-mirror.cyberguerrilla.org, , , , https://tor-mirror.cyberguerrilla.org/dist/, , http://6dvj6v5imhny3anf.onion, Thu Sep 28 16:22:40 2017
contact@gtor.org, Gtor, DE, Germany, DE, TRUE, TRUE, NO, http://torproject.gtor.org/, https://torproject.gtor.org/, rsync://torproject.gtor.org/website-mirror/, , http://torproject.gtor.org/dist/, https://torproject.gtor.org/dist/, rsync://torproject.gtor.org/website-mirror/dist/, , Fri Sep  9 02:46:02 2016
Tor Fan, Tor Supporter, DE, Germany, DE, TRUE, TRUE, NO, http://mirror.velcommuta.de/tor/, https://mirror.velcommuta.de/tor/, , , http://mirror.velcommuta.de/tor/dist/, https://mirror.velcommuta.de/tor/dist/, , , Thu Sep 28 18:11:11 2017
EFF, EFF, US, United States, US, TRUE, FALSE, NO, , https://tor.eff.org, , , , https://tor.eff.org/dist/, , , Thu Sep 28 13:28:29 2017
Tor Fan, Tor Supporter, GR, Greece, GR, TRUE, TRUE, NO, http://tor.void.gr, https://tor.void.gr, , , http://tor.void.gr/dist/, https://tor.void.gr/dist/, , , Thu Sep 28 13:52:13 2017
Ich Eben, Tor Supporter, DE, Germany, DE, TRUE, TRUE, No, http://reichster.de/mirrors/torproject.org/, https://reichster.de/mirrors/torproject.org, , , http://reichster.de/mirrors/torproject.org/dist/, https://reichster.de/mirrors/torproject.org/dist/, , , Thu Sep 28 15:12:25 2017
jlgaddis AT gnu DOT org, Evil Routers, US, United States, US, TRUE, FALSE, No, http://tor1.evilrouters.net/, , , , http://tor1.evilrouters.net/dist/, , , , Thu Sep 28 16:22:40 2017
tor AT miglix DOT eu, Tor Supporter, DE, Germany, Europe, TRUE, TRUE, NO, http://tor.miglix.eu, https://tor.miglix.eu, , , http://tor.miglix.eu/dist/, https://tor.miglix.eu/dist/, , , Fri Sep  9 02:46:02 2016
tor TA ninurta TOD name, TorNinurtaName, AT, Austria, AT, TRUE, TRUE, no, http://tor.ninurta.name/, , , , http://tor.ninurta.name/dist/, , , , Thu Oct 23 16:02:17 2014
fr33tux <AT> general-changelog-team.fr, Tor Supporter, FR, France, FR, TRUE, TRUE, No, http://tor.fr33tux.org, https://tor.fr33tux.org, , , http://tor.fr33tux.org/dist/, https://tor.fr33tux.org/dist/, , , Thu Sep 28 15:12:25 2017
sebastian(at)bobrecki(dot)pl, Sebastian M. Bobrecki, PL, Poland, Europe, TRUE, FALSE, No, http://tor.iv.net.pl, https://tor.iv.net.pl, , , http://tor.iv.net.pl/dist/, https://tor.iv.net.pl/dist/, , , Sun Sep 13 18:14:19 2015
tor-mirror AT rdns DOT cc, d0wn.biz, FR, France, Europe, TRUE, FALSE, No, http://tor.static.lu, https://tor.static.lu, , , http://tor.static.lu/dist/, https://tor.static.lu/dist/, , , Fri Sep  9 02:46:02 2016
tor@moparisthebest.com, moparisthebest.com, DE, Germany, Europe, TRUE, TRUE, No, http://www.moparisthebest.com/tor/, https://www.moparisthebest.com/tor/, , , http://www.moparisthebest.com/tor/dist/, https://www.moparisthebest.com/tor/dist/, , , Thu Sep 28 16:22:40 2017
stefano.fenoglio AT gmail DOT com, Tor Supporter, IT, Italy, Europe, TRUE, FALSE, No, http://tor.stefanof.com, , , , http://tor.stefanof.com/dist, , , , Fri Sep  9 02:46:02 2016
Tor Fan, Ramos Research, US, United States, US, TRUE, TRUE, No, http://tor.ramosresearch.com/, , , , http://tor.ramosresearch.com/dist/, , , , Tue Mar 17 22:53:03 2015
s7r[at]sky-ip[d0t]org, sky-ip.org, NL, Netherlands, NL, TRUE, FALSE, No, http://beautiful-mind.sky-ip.org/, , , , http://beautiful-mind.sky-ip.org/dist/, , , , Fri Sep  9 02:46:02 2016
tor#pajonzeck#de, ITsn, DE, Germany, Europe, TRUE, FALSE, No, http://tor.pajonzeck.de/, https://tor.pajonzeck.de/, rsync://tor.pajonzeck.de/tor, , http://tor.pajonzeck.de/dist/, https://tor.pajonzeck.de/dist/, rsync://tor.pajonzeck.de/tor/dist, http://zgfgvob256pffy62.onion, Tue May 30 07:15:41 2017
peter AT ludikovsky DOT name, Tor Supporter, AT, Austria, Europe, TRUE, TRUE, No, http://tor.ludikovsky.name/, https://tor.ludikovsky.name/, rsync://tor.ludikovsky.name/tor, , http://tor.ludikovsky.name/dist, https://tor.ludikovsky.name/dist, rsync://tor.ludikovsky.name/tor-dist, http://54lnbzjo6xlr4f4j.onion/, Thu Sep 28 16:22:40 2017
admin AT nuclear DASH weapons DOT net, Setec Administrator, US, Texas, Austin, TRUE, FALSE, No, http://tor.nuclear-weapons.net, https://tor.nuclear-weapons.net, , , http://tor.nuclear-weapons.net/dist, https://tor.nuclear-weapons.net/dist, , , Fri Jun  9 15:24:14 2017
opi@zeropi.net, Tor Supporter, FR, France, FR, TRUE, TRUE, No, http://tor-mirror.zeropi.net/, , , , http://tor-mirror.zeropi.net/dist/, , , , Wed Dec  3 04:15:20 2014
alexander AT dietrich DOT cx, Tor Supporter, DE, Germany, Europe, TRUE, TRUE, No, http://tor.ybti.net/, https://tor.ybti.net/, , , http://tor.ybti.net/dist/, https://tor.ybti.net/dist/, , , Thu Sep 28 16:22:40 2017
tor@0x3d.lu, 0x3d.lu, DE, Germany, Europe, TRUE, FALSE, No, http://tor.0x3d.lu/, https://tor.0x3d.lu/, , , http://tor.0x3d.lu/dist/, https://tor.0x3d.lu/dist/, , , Thu Sep 28 18:11:11 2017
kontakt@unicorncloud.org, UnicornCloud.org, AT, Favoriten, Wien, TRUE, TRUE, No, http://www.unicorncloud.org/public/torproject.org/, https://www.unicorncloud.org/public/torproject.org/, , , http://www.unicorncloud.org/public/torproject.org/dist, https://www.unicorncloud.org/public/torproject.org/dist, , , Tue Mar 17 22:53:03 2015
James Murphy, intfxdx.com, US, United States, US, TRUE, TRUE, No, http://108.248.87.242/, https://108.248.87.242/, , , http://108.248.87.242/dist/, https://108.248.87.242/dist/, , , Thu Sep 28 16:22:40 2017
Sam Whited 4096R/54083AE104EA7AD3 <sam@samwhited.com>, SamWhited.com, US, GA, United States, TRUE, TRUE, FALSE, http://mirrors.samwhited.net/tor, https://mirrors.samwhited.net/tor, rsync://mirrors.samwhited.net/tor, , http://mirrors.samwhited.net/tor/dist, https://mirrors.samwhited.net/tor/dist, rsync://mirrors.samwhited.net/tor-dist, , Thu Jul 16 19:49:12 2015
rohit008 AT e DOT ntu DOT edu DOT sg, NTUOSS, SG, Singapore, Asia, TRUE, FALSE, No, http://torproject.ntuoss.com/, , , , http://torproject.ntuoss.com/dist/, , , , Tue Mar 17 22:53:03 2015
hostmaster@lucidnetworks.net, Lucid Networks, US, United States, US, TRUE, FALSE, No, http://tor.mirrors.lucidnetworks.net, , rsync://tor.mirrors.lucidnetworks.net::tor, , http://tor.mirrors.lucidnetworks.net/dist, , rsync://tor.mirrors.lucidnetworks.net::tor-dist, , Thu Sep 28 16:22:40 2017
mirror ntzk de, Netzkonstrukt Berlin, DE, Germany, Europe, TRUE, FALSE, No, http://mirror.ntzk.de/torproject.org/, https://mirror.ntzk.de/torproject.org/, , , http://mirror.ntzk.de/torproject.org/dist/, https://mirror.ntzk.de/torproject.org/dist/, , , Thu Sep 28 18:11:11 2017
mirror@xfree.com.ar, Xfree.com.ar, AR, Argentina, South America, TRUE, FALSE, No, http://tor.xfree.com.ar/, , , , http://tor.xfree.com.ar/dist/, , , , Thu Sep 28 13:52:13 2017
tor AT eprci NET, EPRCI, US, NH, US, TRUE, FALSE, No, http://tor.eprci.net/, https://www.eprci.com/tor/, , , http://tor.eprci.net/dist/, https://www.eprci.com/tor/dist/, , , Thu Sep 28 16:22:40 2017
tor@kura.io, KURA IO LIMITED, NL, Netherlands, Europe, TRUE, TRUE, TRUE, http://tor-mirror.kura.io/, https://tor-mirror.kura.io/, rsync://tor-mirror.kura.io/torproject.org, ftp://tor-mirror.kura.io, http://tor-mirror.kura.io/dist/, https://tor-mirror.kura.io/dist/, rsync://tor-mirror.kura.io/torproject.org/dist, , Sat Jan 24 08:27:59 2015
tor-admin AT wardsback DOT org, wardsback.org, FR, France, FR, TRUE, FALSE, No, http://alliumcepa.wardsback.org/, , , , http://alliumcepa.wardsback.org/dist/, , , , Thu Sep 28 18:11:11 2017
PW, PW, DE, Germany, DE, TRUE, TRUE, NO, http://tor.pw.is/, https://www.it-sicherheitschannel.de/, , , http://tor.pw.is/dist/, https://www.it-sicherheitschannel.de/dist/, , , Thu Sep 28 16:22:40 2017
kevin@freedom.press, Freedom of the Press Foundation, , US, US, True, False, No, http://tor.freedom.press, https://tor.freedom.press, , , http://tor.freedom.press/dist/, https://tor.freedom.press/dist/, , , Fri Jan 15 11:17:09 2016
hsu AT peterdavehellor DOT org, Department of CSE. Yuan Ze University, TW, Taiwan, Asia, TRUE, FALSE, No, http://ftp.yzu.edu.tw/torproject.org/, https://ftp.yzu.edu.tw/torproject.org/, rsync://ftp.yzu.edu.tw/pub/torproject.org/, ftp://ftp.yzu.edu.tw/torproject.org/, http://ftp.yzu.edu.tw/torproject.org/dist/, https://ftp.yzu.edu.tw/torproject.org/dist/, rsync://ftp.yzu.edu.tw/pub/torproject.org/dist/, , Mon Sep 25 18:35:54 2017
tor at tvdw dot eu, TvdW, XX, Around the world, XX, TRUE, TRUE, Yes, http://tor-exit.network, , , , http://tor-exit.network/dist, , , , Thu Sep 28 18:11:11 2017
tormaster AT urown DOT net, urown.net, CH, Switzerland, Europe, TRUE, TRUE, No, http://torproject.urown.net/, https://torproject.urown.net/, , , http://torproject.urown.net/dist/, https://torproject.urown.net/dist/, , http://torprowdd64ytmyk.onion, Thu Sep 28 16:22:40 2017
Stefan, sela Internet, DE, Germany, DE, TRUE, TRUE, No, http://sela.io/mirrors/torproject.org/, https://sela.io/mirrors/torproject.org/, , , http://sela.io/mirrors/torproject.org/dist/, https://sela.io/mirrors/torproject.org/dist/, , , Thu Sep 28 15:12:25 2017
thomaswhite AT riseup DOT net, TheCthulhu, NL, The Netherlands, NL, True, False, No, http://tor.thecthulhu.com/, https://tor.thecthulhu.com/, , , http://tor.thecthulhu.com/dist/, https://tor.thecthulhu.com/dist/, , , Fri Sep  9 02:46:02 2016
webmaster AT ccc DOT de, Chaos Computer Club, DE, Germany, Europe, TRUE, FALSE, No, http://tor.ccc.de/, https://tor.ccc.de, , , http://tor.ccc.de/dist/, https://tor.ccc.de/dist/, , , Thu Sep 28 16:22:40 2017
Tor AT goodeid DOT com, Tor Supporter, CA, Canada, CA, TRUE, FALSE, No, http://goodeid.com/mirrors/tor-project.org/, , , , http://goodeid.com/mirrors/tor-project.org/dist/, , , , Fri Sep  9 02:46:02 2016
tor@datensicherhe.it, datensicherhe.it, AT, Austria, Europe, TRUE, FALSE, No, http://datensicherhe.it/torproject, https://datensicherhe.it/torproject, , , http://datensicherhe.it/torproject/dist/, https://datensicherhe.it/torproject/dist/, , , Fri Sep  9 02:46:02 2016
NocturnalFilth, Disciples of Disorder, NL, Netherlands, NL, TRUE, FALSE, NO, http://torproject.mirror.disciplesofdisorder.com, https://torproject.mirror.disciplesofdisorder.com, , , http://torproject.mirror.disciplesofdisorder.com/dist/, https://torproject.mirror.disciplesofdisorder.com/dist/, , , Tue May 16 15:00:42 2017
tormirror0121.10.swsnyder@spamgourmet.com, tormirror, DE, Germany, TRUE, FALSE, NO, http://tormirror.snydernet.net/, https://tormirror.snydernet.net/, , , http://tormirror.snydernet.net/dist/, https://tormirror.snydernet.net/dist/, , , Mon Dec 28 17:11:31 2015, Thu Sep 28 16:22:40 2017
justaguy@riseup.net, Justaguy, FR, France, FR, TRUE, FALSE, No, http://tormirror.justaguy.pw/, https://tormirror.justaguy.pw, , , http://tormirror.justaguy.pw/dist/, https://tormirror.justaguy.pw/dist/, , , Fri Jan 15 11:17:09 2016
Disciples of Disorder, Vargr, NL, Netherlands, NL, TRUE, FALSE, NO, http://tor.mirror.disciplesofdisorder.eu, https://tor.mirror.disciplesofdisorder.eu, , , http://tor.mirror.disciplesofdisorder.eu/dist/, https://tor.mirror.disciplesofdisorder.eu/dist/, , http://vargrevir52vkbte.onion, Wed Dec 23 07:50:00 2015
nick at calyx dot com, The Calyx Institute, US, United States, North America, TRUE, FALSE, No, http://tor.calyxinstitute.org, https://tor.calyxinstitute.org, , , http://tor.calyxinstitute.org/dist/, https://tor.calyxinstitute.org/dist/, , http://tmdrhl4e4anhsjc5.onion, Thu Sep 28 18:11:11 2017
tor@armbrust.me, Michael Armbruster, FR, France, FR, TRUE, TRUE, No, http://tor.armbrust.me/, https://tor.armbrust.me/, rsync://tor.armbrust.me/tor, , http://tor.armbrust.me/dist/, https://tor.armbrust.me/dist, rsync://tor.armbrust.me/tor-dist, , Thu Sep 28 18:11:11 2017
HdO Tor, HdO Tor Supporter, DE, Germany, US, TRUE, TRUE, No, http://tor.hdoev.de/, , , , http://tor.hdoev.de/dist/, , , , Fri Sep  9 02:46:02 2016
Tor Fan, Tor Supporter, DE, Germany, Germany, TRUE, TRUE, No, http://torproject.mirror.metalgamer.eu/, https://torproject.mirror.metalgamer.eu/, , , http://torproject.mirror.metalgamer.eu/dist/, https://torproject.mirror.metalgamer.eu/dist/, , , Thu Sep 28 18:11:11 2017
john AT quintex.com, Quintex Alliance Consulting, US, TX, US, TRUE, FALSE, No, http://torproject.quintex.com/, https://torproject.quintex.com, rsync://mirror.quintex.com/torprojectwebsite, ftp://mirror.quintex.com/torproject.org, http://torproject.quintex.com/dist, https://torproject.quintex.com/dist, rsync://mirror.quintex.com/torprojectdist, , Fri Sep  9 02:46:02 2016
noc AT babylon DOT network, Babylon Network, NL, The Netherlands, Europe, TRUE, TRUE, No, http://nl.mirror.babylon.network/torproject/, https://nl.mirror.babylon.network/torproject/, rsync://nl.mirror.babylon.network/torproject/, ftp://nl.mirror.babylon.network/torproject/, http://nl.mirror.babylon.network/torproject/dist/, https://nl.mirror.babylon.network/torproject/dist/, rsync://nl.mirror.babylon.network/torproject/dist/, , Thu Sep 28 18:11:11 2017
noc AT babylon DOT network, Babylon Network, FR, France, Europe, TRUE, TRUE, No, http://fr.mirror.babylon.network/torproject/, https://fr.mirror.babylon.network/torproject/, rsync://fr.mirror.babylon.network/torproject/, ftp://fr.mirror.babylon.network/torproject/, http://fr.mirror.babylon.network/torproject/dist/, https://fr.mirror.babylon.network/torproject/dist/, rsync://fr.mirror.babylon.network/torproject/dist/, , Thu Sep 28 18:11:11 2017
Pool Toys, Pool Toys, SGP, Singapore, SGP, TRUE, TRUE, No, http://mirrors-sg.pooltoys.com/tor/, , rsync://mirrors-sg.pooltoys.com/tor/, ftp://mirrors-sg.pooltoys.com/tor/, http://mirrors-sg.pooltoys.com/tor/, , , , 
cyberrax at yahoo.com, CyberSiDE, EE, Estonia, Europe, TRUE, FALSE, No, http://cyberside.net.ee/sibul/, https://cyberside.net.ee/sibul/, , , http://cyberside.net.ee/sibul/dist/, https://cyberside.net.ee/sibul/dist/, , , Thu Sep 28 01:54:37 2017
torsupport AT tb-itf DOT de, TB-ITF, DE, Germany, Europe, TRUE, TRUE, No, http://tormirror.tb-itf-tor.de, https://tormirror.tb-itf-tor.de, , ftp://tormirror.tb-itf-tor.de/, http://tormirror.tb-itf-tor.de/dist/, https://tormirror.tb-itf-tor.de/dist/, , , Thu Sep 28 16:22:40 2017
Disciples of Disorder, Vargr, NL, Netherlands, NL, TRUE, FALSE, NO, http://tor.mirror.disciplesofdisorder.eu, https://tor.mirror.disciplesofdisorder.eu, , , http://tor.mirror.disciplesofdisorder.eu/dist/, https://tor.mirror.disciplesofdisorder.eu/dist/, , http://vargrevir52vkbte.onion, 
admin @T standaloneinstaler.com, Standalone Installer Software, FR, France, FR, TRUE, TRUE, No, http://mirrors.standaloneinstaller.com/torproject/, , rsync://mirrors.standaloneinstaller.com/torproject/, , http://mirrors.standaloneinstaller.com/torproject/dist, , rsync://mirrors.standaloneinstaller.com/torproject/dist, , Thu Sep 28 16:22:40 2017
lutz.horn@posteo.de, , DE, Germany, DE, TRUE, FALSE, No, , https://tor.lhorn.de/, , , , https://tor.lhorn.de/dist/, , , Tue Feb  7 11:00:00 2017
karibu@freedif.org, Freedif, VN, Vietnam, VN, TRUE, FALSE, No, http://mirror.freedif.org/TorProject/, https://mirror.freedif.org/TorProject/, , , http://mirror.freedif.org/TorProject/dist, https://mirror.freedif.org/TorProject/dist, , , Tue Aug 29 15:14:52 2017
Tor Fan, Tor Supporter, FR, France, FR, TRUE, FALSE, No, http://torproject.xj1.fr/, , , , http://torproject.xj1.fr/dist/, , , javkk6746z7wvigk.onion, Tue May 30 07:15:41 2017
tienhn@vinahost.vn, VinaHost, VN, Viet Nam, VN, TRUE, FALSE, No, , https://mirror.vinahost.vn/torproject.org, rsync://mirror.vinahost.vn/torproject.org, , , https://mirror.vinahost.vn/torproject.org/dist/, rsync://mirror.vinahost.vn/torproject.org/dist, , Wed Apr 19 18:52:55 2017
mirror AT funkfreundelandshut DOT de, Funkfreunde Landshut e.V., DE, BY, DE, TRUE, FALSE, No, http://mirror.funkfreundelandshut.de/torproject.org/, , , , http://mirror.funkfreundelandshut.de:81/torproject.org/dist/, , , http://44.225.40.254/torproject.org/dist, Thu Sep 28 16:22:40 2017
email@heikorichter.name, Tor Supporter, DE, Germany, Europe, TRUE, TRUE, No, http://tor.heikorichter.name, https://tor.heikorichter.name, , , http://tor.heikorichter.name/dist, https://tor.heikorichter.name/dist, rsync://ftp.heikorichter.name/tor, , Thu Sep 28 16:22:40 2017
tor <at> secure <dot> voyage, secure.voyage, CA, Canada, CA, TRUE, FALSE, No, http://tor.secure.voyage, https://tor.secure.voyage, , , http://tor.secure.voyage/dist, https://tor.secure.voyage/dist, , , Fri Dec  1 15:00:00 2017
mirror-torproject at
razx.cloud,razx,CA,Canada,AB,TRUE,FALSE,No,http://tcejorprot.razx.cloud/,https://tcejorprot.razx.cloud/,,,http://tcejorprot.razx.cloud/dist/,https://tcejorprot.razx.cloud/dist,,http://rsqiscyvxt4qgaiw.onion/torproject.org/,Fri Dec 8 22:00:00 2017
coby [at ]127001 [dot] ovh,Tor Supporter,DE,Germany,DE,TRUE,FALSE,No,http://tor.127001.ovh/,https://tor.127001.ovh/,,,http://tor.127001.ovh/dist/,https://tor.127001.ovh/dist/,,,17.Dez 19:01:37 CET 2017
, , , , , , , , , , , , , , , , 
, , , , , , , , , , , , , , , , 
